{
    "name": "root",
    "metadata": {
        "timer_format_version": "0.1.0",
        "start_time_seconds": "1776354490",
        "python_version": "3.9.25 (main, Nov  3 2025, 22:44:01) [MSC v.1929 64 bit (AMD64)]",
        "command_line_arguments": "C:\\Users\\rraes\\anaconda3\\envs\\ML_agent\\lib\\site-packages\\mlagents\\trainers\\learn.py config/Jumper.yaml --run-id=JumperV12 --resume",
        "mlagents_version": "0.30.0",
        "mlagents_envs_version": "0.30.0",
        "communication_protocol_version": "1.5.0",
        "pytorch_version": "1.7.1+cpu",
        "numpy_version": "1.21.2",
        "end_time_seconds": "1776354569"
    },
    "total": 79.0802335,
    "count": 1,
    "self": 0.0118518000000023,
    "children": {
        "run_training.setup": {
            "total": 0.16473650000000006,
            "count": 1,
            "self": 0.16473650000000006
        },
        "TrainerController.start_learning": {
            "total": 78.9036452,
            "count": 1,
            "self": 0.019976300000038805,
            "children": {
                "TrainerController._reset_env": {
                    "total": 9.1968014,
                    "count": 1,
                    "self": 9.1968014
                },
                "TrainerController.advance": {
                    "total": 69.54750439999997,
                    "count": 524,
                    "self": 0.01884469999997407,
                    "children": {
                        "env_step": {
                            "total": 69.2538675,
                            "count": 524,
                            "self": 68.1655548,
                            "children": {
                                "SubprocessEnvManager._take_step": {
                                    "total": 1.0765174999999996,
                                    "count": 524,
                                    "self": 0.05519680000000626,
                                    "children": {
                                        "TorchPolicy.evaluate": {
                                            "total": 1.0213206999999933,
                                            "count": 524,
                                            "self": 1.0213206999999933
                                        }
                                    }
                                },
                                "workers": {
                                    "total": 0.011795199999998118,
                                    "count": 523,
                                    "self": 0.0,
                                    "children": {
                                        "worker_root": {
                                            "total": 7.032001500000021,
                                            "count": 523,
                                            "is_parallel": true,
                                            "self": 2.348878900000015,
                                            "children": {
                                                "steps_from_proto": {
                                                    "total": 0.0005407999999995639,
                                                    "count": 1,
                                                    "is_parallel": true,
                                                    "self": 0.0002977000000008445,
                                                    "children": {
                                                        "_process_rank_one_or_two_observation": {
                                                            "total": 0.00024309999999871934,
                                                            "count": 2,
                                                            "is_parallel": true,
                                                            "self": 0.00024309999999871934
                                                        }
                                                    }
                                                },
                                                "UnityEnvironment.step": {
                                                    "total": 4.682581800000007,
                                                    "count": 523,
                                                    "is_parallel": true,
                                                    "self": 0.07005399999995277,
                                                    "children": {
                                                        "UnityEnvironment._generate_step_input": {
                                                            "total": 0.06611390000000483,
                                                            "count": 523,
                                                            "is_parallel": true,
                                                            "self": 0.06611390000000483
                                                        },
                                                        "communicator.exchange": {
                                                            "total": 4.318567300000025,
                                                            "count": 523,
                                                            "is_parallel": true,
                                                            "self": 4.318567300000025
                                                        },
                                                        "steps_from_proto": {
                                                            "total": 0.22784660000002432,
                                                            "count": 523,
                                                            "is_parallel": true,
                                                            "self": 0.13979340000002516,
                                                            "children": {
                                                                "_process_rank_one_or_two_observation": {
                                                                    "total": 0.08805319999999917,
                                                                    "count": 1046,
                                                                    "is_parallel": true,
                                                                    "self": 0.08805319999999917
                                                                }
                                                            }
                                                        }
                                                    }
                                                }
                                            }
                                        }
                                    }
                                }
                            }
                        },
                        "trainer_advance": {
                            "total": 0.27479219999999316,
                            "count": 523,
                            "self": 0.020592499999947833,
                            "children": {
                                "process_trajectory": {
                                    "total": 0.2541997000000453,
                                    "count": 523,
                                    "self": 0.2541997000000453
                                }
                            }
                        }
                    }
                },
                "TrainerController._save_models": {
                    "total": 0.13936309999999708,
                    "count": 1,
                    "self": 0.003293399999989788,
                    "children": {
                        "RLTrainer._checkpoint": {
                            "total": 0.1360697000000073,
                            "count": 1,