{"count":1,"self":1697.3601792,"total":5922.1118526,"children":{"InitializeActuators":{"count":1,"self":0.0036536,"total":0.0036536,"children":null},"InitializeSensors":{"count":1,"self":0.0060929999999999995,"total":0.0060929999999999995,"children":null},"AgentSendState":{"count":1619534,"self":15.9858256,"total":27.360114499999998,"children":{"CollectObservations":{"count":323907,"self":0.39498659999999997,"total":0.39498659999999997,"children":null},"WriteActionMask":{"count":323907,"self":0.4005478,"total":0.4005478,"children":null},"RequestDecision":{"count":323907,"self":1.9002143999999999,"total":10.5787543,"children":{"AgentInfo.ToProto":{"count":323907,"self":2.4914183999999997,"total":8.6785398,"children":{"GenerateSensorData":{"count":323907,"self":5.4076916,"total":6.1871215,"children":{"RayPerceptionSensor.Perceive":{"count":323907,"self":0.7794298,"total":0.7794298,"children":null}}}}}}}}},"DecideAction":{"count":1619534,"self":4192.0028672,"total":4192.0029365,"children":null},"AgentAct":{"count":1619534,"self":4.9513188,"total":4.9513187,"children":null},"AgentInfo.ToProto":{"count":15228,"self":0.1447425,"total":0.42752379999999995,"children":{"GenerateSensorData":{"count":15228,"self":0.2362649,"total":0.2827813,"children":{"RayPerceptionSensor.Perceive":{"count":15228,"self":0.0465164,"total":0.0465164,"children":null}}}}}},"gauges":{"JumperBehavior.CumulativeReward":{"count":15228,"max":1.15100014,"min":-0.985,"runningAverage":1.0403074,"value":1.12400007,"weightedAverage":1.10831547}},"metadata":{"timer_format_version":"0.1.0","start_time_seconds":"1776425557","unity_version":"6000.0.60f1","command_line_arguments":"C:\\Program Files\\Unity\\Hub\\Editor\\6000.0.60f1\\Editor\\Unity.exe -projectpath C:\\VR\\Jumper -acceptSoftwareTermsForThisRunOnly -useHub -hubIPC -cloudEnvironment production","communication_protocol_version":"1.5.0","com.unity.ml-agents_version":"4.0.2","scene_name":"SampleScene","end_time_seconds":"1776431480"}}